parental level of education,math score,reading score,python score,ids,race/ethnicity,test preparation course,gender,writing score,lunch
bachelor's degree,72,72,89,'9315',group B,none,female,74,standard,
some college,69,90,70,'7368',group C,completed,female,88,standard,
master's degree,90,95,78,'1317',group B,none,female,93,standard,
associate's degree,47,57,90,'1415',group A,none,male,44,free/reduced,
some college,76,78,99,'0594',group C,none,male,75,standard,
associate's degree,71,83,80,'5080',group B,none,female,78,standard,
some college,88,95,82,'9810',group B,completed,female,92,standard,
some college,40,43,87,'7584',group B,none,male,39,free/reduced,
high school,64,64,80,'7878',group D,completed,male,67,free/reduced,
high school,38,60,89,'4547',group B,none,female,50,free/reduced,
associate's degree,58,54,72,'8893',group C,none,male,52,standard,
associate's degree,40,52,78,'7543',group D,none,male,43,standard,
high school,65,81,74,'6017',group B,none,female,73,standard,
some college,78,72,88,'0951',group A,completed,male,70,standard,
master's degree,50,53,81,'3032',group A,none,female,58,standard,
some high school,69,75,91,'0027',group C,none,female,78,standard,
high school,88,89,99,'5193',group C,none,male,86,standard,
some high school,18,32,85,'8379',group B,none,female,28,free/reduced,
master's degree,46,42,74,'1700',group C,completed,male,46,free/reduced,
associate's degree,54,58,76,'5465',group C,none,female,61,free/reduced,
high school,66,69,93,'1721',group D,none,male,63,standard,
some college,65,75,87,'1166',group B,completed,female,70,free/reduced,
some college,44,54,76,'6101',group D,none,male,53,standard,
some high school,69,73,91,'0697',group C,none,female,73,standard,
bachelor's degree,74,71,82,'9422',group D,completed,male,80,free/reduced,
master's degree,73,74,92,'7643',group A,none,male,72,free/reduced,
some college,69,54,98,'0461',group B,none,male,55,standard,
bachelor's degree,67,69,92,'6255',group C,none,female,75,standard,
high school,70,70,93,'2810',group C,none,male,65,standard,
master's degree,62,70,92,'6103',group D,none,female,75,standard,
some college,69,74,96,'3309',group D,none,female,74,standard,
some college,63,65,80,'6221',group B,none,female,61,standard,
master's degree,56,72,86,'2767',group E,none,female,65,free/reduced,
some college,40,42,89,'6355',group D,none,male,38,standard,
some college,97,87,90,'3713',group E,none,male,82,standard,
associate's degree,81,81,98,'2692',group E,completed,male,79,standard,
associate's degree,74,81,73,'0915',group D,none,female,83,standard,
some high school,50,64,83,'4562',group D,none,female,59,free/reduced,
associate's degree,75,90,90,'9775',group D,completed,female,88,free/reduced,
associate's degree,57,56,83,'7241',group B,none,male,57,free/reduced,
associate's degree,55,61,90,'3803',group C,none,male,54,free/reduced,
associate's degree,58,73,85,'1145',group C,none,female,68,standard,
associate's degree,53,58,71,'1306',group B,none,female,65,standard,
some college,59,65,75,'0435',group B,completed,male,66,free/reduced,
associate's degree,50,56,85,'4724',group E,none,female,54,free/reduced,
associate's degree,65,54,90,'6320',group B,none,male,57,standard,
associate's degree,55,65,85,'4217',group A,completed,female,62,standard,
high school,66,71,96,'6515',group C,none,female,76,standard,
associate's degree,57,74,72,'1027',group D,completed,female,76,free/reduced,
high school,82,84,99,'7483',group C,completed,male,82,standard,
some college,53,55,78,'4205',group E,none,male,48,standard,
associate's degree,77,69,82,'6759',group E,completed,male,68,free/reduced,
some college,53,44,83,'4888',group C,none,male,42,standard,
high school,88,78,88,'4223',group D,none,male,75,standard,
some high school,71,84,83,'6173',group C,completed,female,87,free/reduced,
high school,33,41,88,'4452',group C,none,female,43,free/reduced,
associate's degree,82,85,95,'4876',group E,completed,female,86,standard,
associate's degree,52,55,87,'9534',group D,none,male,49,standard,
some college,58,59,74,'5769',group D,completed,male,58,standard,
some high school,0,17,77,'0135',group C,none,female,10,free/reduced,
bachelor's degree,79,74,72,'8767',group E,completed,male,72,free/reduced,
some high school,39,39,84,'1427',group A,none,male,34,free/reduced,
associate's degree,62,61,83,'5634',group A,none,male,55,free/reduced,
associate's degree,69,80,86,'0498',group C,none,female,71,standard,
some high school,59,58,89,'3542',group D,none,female,59,standard,
some high school,67,64,89,'5394',group B,none,male,61,standard,
some high school,45,37,75,'0624',group D,none,male,37,free/reduced,
some college,60,72,76,'1258',group C,none,female,74,standard,
associate's degree,61,58,72,'9990',group B,none,male,56,free/reduced,
associate's degree,39,64,71,'8125',group C,none,female,57,standard,
some college,58,63,94,'2388',group D,completed,female,73,free/reduced,
some college,63,55,75,'4180',group D,completed,male,63,standard,
associate's degree,41,51,92,'5728',group A,none,female,48,free/reduced,
some high school,61,57,78,'4248',group C,none,male,56,free/reduced,
some high school,49,49,91,'9643',group C,none,male,41,standard,
associate's degree,44,41,89,'5699',group B,none,male,38,free/reduced,
some high school,30,26,84,'6699',group E,none,male,22,standard,
bachelor's degree,80,78,97,'3024',group A,completed,male,81,standard,
some high school,61,74,85,'8517',group D,completed,female,72,standard,
master's degree,62,68,73,'2171',group E,none,female,68,standard,
associate's degree,47,49,72,'3551',group B,none,female,50,standard,
high school,49,45,85,'9687',group B,none,male,45,free/reduced,
some college,50,47,80,'1019',group A,completed,male,54,free/reduced,
associate's degree,72,64,78,'0773',group E,none,male,63,standard,
high school,42,39,73,'2936',group D,none,male,34,free/reduced,
some college,73,80,73,'3667',group C,none,female,82,standard,
some college,76,83,73,'3258',group C,none,female,88,free/reduced,
associate's degree,71,71,99,'0216',group D,none,female,74,standard,
some college,58,70,82,'4901',group A,none,female,67,standard,
some high school,73,86,81,'8687',group D,none,female,82,standard,
bachelor's degree,65,72,81,'2215',group C,none,female,74,standard,
high school,27,34,85,'2571',group C,none,male,36,free/reduced,
high school,71,79,76,'1513',group C,none,male,71,standard,
associate's degree,43,45,81,'4928',group C,completed,male,50,free/reduced,
some college,79,86,85,'3454',group B,none,female,92,standard,
associate's degree,78,81,98,'2310',group C,completed,male,82,free/reduced,
some high school,65,66,90,'2533',group B,completed,male,62,standard,
some college,63,72,99,'3393',group E,completed,female,70,standard,
some college,58,67,72,'0038',group D,none,female,62,free/reduced,
bachelor's degree,65,67,94,'3873',group D,none,female,62,standard,
some college,79,67,71,'8836',group B,none,male,67,standard,
bachelor's degree,68,74,98,'9756',group D,completed,male,74,standard,
associate's degree,85,91,79,'9201',group D,none,female,89,standard,
high school,60,44,99,'2602',group B,completed,male,47,standard,
some college,98,86,97,'8519',group C,completed,male,90,standard,
some college,58,67,70,'4548',group C,none,female,72,standard,
master's degree,87,100,72,'6275',group D,none,female,100,standard,
associate's degree,66,63,70,'0444',group E,completed,male,64,standard,
associate's degree,52,76,72,'0799',group B,none,female,70,free/reduced,
some high school,70,64,97,'8481',group B,none,female,72,standard,
associate's degree,77,89,78,'9749',group D,completed,female,98,free/reduced,
high school,62,55,80,'1587',group C,none,male,49,standard,
associate's degree,54,53,88,'6938',group A,none,male,47,standard,
some college,51,58,83,'7746',group D,none,female,54,standard,
bachelor's degree,99,100,95,'7546',group E,completed,female,100,standard,
high school,84,77,93,'3683',group C,none,male,74,standard,
bachelor's degree,75,85,92,'8419',group B,none,female,82,free/reduced,
bachelor's degree,78,82,96,'9285',group D,none,female,79,standard,
some high school,51,63,70,'2945',group D,none,female,61,standard,
some college,55,69,80,'7406',group C,none,female,65,standard,
bachelor's degree,79,92,83,'6731',group C,completed,female,89,standard,
associate's degree,91,89,94,'3730',group B,completed,male,92,standard,
some college,88,93,73,'9284',group C,completed,female,93,standard,
high school,63,57,72,'4131',group D,none,male,56,free/reduced,
some college,83,80,76,'8226',group E,none,male,73,standard,
high school,87,95,72,'1332',group B,none,female,86,standard,
some high school,72,68,82,'8140',group B,none,male,67,standard,
some college,65,77,93,'4305',group D,completed,male,74,standard,
master's degree,82,82,86,'9067',group D,none,male,74,standard,
bachelor's degree,51,49,75,'2545',group A,none,female,51,standard,
master's degree,89,84,81,'8736',group D,none,male,82,standard,
some high school,53,37,93,'1999',group C,completed,male,40,free/reduced,
some college,87,74,95,'4500',group E,completed,male,70,free/reduced,
some college,75,81,80,'7733',group C,completed,female,84,standard,
bachelor's degree,74,79,78,'9303',group D,completed,male,75,free/reduced,
bachelor's degree,58,55,93,'1290',group C,none,male,48,standard,
some high school,51,54,80,'3954',group B,completed,male,41,standard,
high school,70,55,89,'7349',group E,none,male,56,standard,
associate's degree,59,66,74,'1038',group C,none,female,67,standard,
some college,71,61,82,'4967',group D,completed,male,69,standard,
some high school,76,72,71,'4083',group D,none,female,71,standard,
some college,59,62,79,'6841',group C,none,female,64,free/reduced,
some college,42,55,98,'3182',group E,completed,female,54,free/reduced,
high school,57,43,79,'8780',group A,none,male,47,standard,
some college,88,73,96,'0853',group D,none,male,78,standard,
some college,22,39,74,'2794',group C,none,female,33,free/reduced,
some high school,88,84,91,'0494',group B,none,male,75,standard,
associate's degree,73,68,77,'0727',group C,none,male,66,free/reduced,
bachelor's degree,68,75,95,'0800',group D,completed,female,81,standard,
associate's degree,100,100,77,'8342',group E,completed,male,93,free/reduced,
some high school,62,67,93,'4714',group A,completed,male,69,standard,
bachelor's degree,77,67,88,'2060',group A,none,male,68,standard,
associate's degree,59,70,93,'7688',group B,completed,female,66,standard,
bachelor's degree,54,49,80,'4730',group D,none,male,47,standard,
some high school,62,67,87,'2108',group D,none,male,61,standard,
some college,70,89,82,'2918',group C,completed,female,88,standard,
high school,66,74,80,'2128',group E,completed,female,78,free/reduced,
some college,60,60,75,'0627',group B,none,male,60,free/reduced,
associate's degree,61,86,87,'2547',group B,completed,female,87,standard,
associate's degree,66,62,92,'3363',group D,none,male,64,free/reduced,
associate's degree,82,78,76,'2604',group B,completed,male,74,free/reduced,
some college,75,88,88,'4033',group E,completed,female,85,free/reduced,
master's degree,49,53,85,'5729',group B,none,male,52,free/reduced,
high school,52,53,85,'2431',group C,none,male,49,standard,
master's degree,81,92,78,'6831',group E,none,female,91,standard,
bachelor's degree,96,100,93,'1235',group C,completed,female,100,standard,
high school,53,51,90,'6424',group C,completed,male,51,free/reduced,
master's degree,58,76,93,'0605',group B,completed,female,78,free/reduced,
high school,68,83,78,'3534',group B,completed,female,78,standard,
some college,67,75,75,'4123',group C,completed,female,70,free/reduced,
high school,72,73,77,'9568',group A,completed,male,74,standard,
some high school,94,88,83,'4871',group E,none,male,78,standard,
some college,79,86,97,'5056',group D,none,female,81,standard,
associate's degree,63,67,96,'2628',group C,none,female,70,standard,
bachelor's degree,43,51,87,'5190',group C,completed,female,54,free/reduced,
master's degree,81,91,81,'3498',group C,completed,female,87,standard,
high school,46,54,82,'0145',group B,completed,female,58,free/reduced,
associate's degree,71,77,73,'1476',group C,completed,female,77,standard,
master's degree,52,70,94,'4580',group B,completed,female,62,free/reduced,
some high school,97,100,92,'3255',group D,completed,female,100,standard,
master's degree,62,68,93,'3465',group C,completed,male,75,free/reduced,
some college,46,64,71,'7544',group C,none,female,66,free/reduced,
high school,50,50,79,'4231',group E,none,female,47,standard,
associate's degree,65,69,93,'4799',group D,none,female,70,standard,
some high school,45,52,76,'6554',group C,completed,male,49,free/reduced,
associate's degree,65,67,70,'5997',group C,completed,male,65,free/reduced,
high school,80,76,78,'3546',group E,none,male,65,standard,
some high school,62,66,95,'4228',group D,completed,male,68,standard,
some high school,48,52,98,'9584',group B,none,male,45,free/reduced,
bachelor's degree,77,88,86,'8575',group C,none,female,87,standard,
associate's degree,66,65,92,'5138',group E,none,female,69,standard,
some college,76,83,86,'8570',group D,completed,male,79,standard,
some high school,62,64,96,'5174',group B,none,female,66,standard,
some college,77,62,84,'0907',group D,completed,male,62,standard,
master's degree,69,84,85,'0055',group C,completed,female,85,standard,
associate's degree,61,55,84,'7288',group D,none,male,52,standard,
some high school,59,69,78,'5867',group C,completed,male,65,free/reduced,
high school,55,56,99,'2000',group E,none,male,51,free/reduced,
some college,45,53,82,'2901',group B,none,female,55,free/reduced,
bachelor's degree,78,79,74,'7360',group B,none,female,76,free/reduced,
associate's degree,67,84,96,'5054',group C,completed,female,86,standard,
some college,65,81,93,'3924',group D,none,female,77,free/reduced,
associate's degree,69,77,73,'8207',group C,none,male,69,standard,
associate's degree,57,69,97,'5974',group B,none,female,68,standard,
some college,59,41,79,'1071',group C,none,male,42,standard,
some high school,74,71,92,'3128',group D,completed,male,78,standard,
bachelor's degree,82,62,89,'6288',group E,none,male,62,standard,
high school,81,80,94,'0088',group E,completed,male,76,standard,
some college,74,81,70,'6185',group B,none,female,76,free/reduced,
some college,58,61,88,'1666',group B,none,female,66,free/reduced,
some high school,80,79,86,'2975',group D,completed,male,79,free/reduced,
some college,35,28,93,'9220',group C,none,male,27,free/reduced,
high school,42,62,90,'7206',group C,none,female,60,free/reduced,
associate's degree,60,51,80,'3917',group C,completed,male,56,free/reduced,
high school,87,91,98,'7681',group E,completed,male,81,standard,
some high school,84,83,85,'3608',group B,completed,male,75,standard,
associate's degree,83,86,99,'7235',group E,completed,female,88,free/reduced,
high school,34,42,95,'4474',group C,none,female,39,free/reduced,
high school,66,77,80,'9249',group B,none,male,70,free/reduced,
some high school,61,56,79,'6969',group B,completed,male,56,standard,
high school,56,68,71,'5422',group D,completed,female,74,standard,
associate's degree,87,85,73,'2105',group B,none,male,73,standard,
some high school,55,65,83,'1729',group C,none,female,62,free/reduced,
some high school,86,80,83,'6485',group D,none,male,75,standard,
associate's degree,52,66,88,'6491',group B,completed,female,73,standard,
master's degree,45,56,91,'5481',group E,none,female,54,free/reduced,
some college,72,72,86,'3566',group C,none,female,71,standard,
high school,57,50,98,'6306',group D,none,male,54,standard,
some high school,68,72,77,'6806',group A,none,male,64,free/reduced,
some college,88,95,70,'3046',group C,completed,female,94,standard,
some college,76,64,93,'6808',group D,none,male,66,standard,
associate's degree,46,43,97,'1564',group C,none,male,42,standard,
bachelor's degree,67,86,78,'9629',group B,none,female,83,standard,
some high school,92,87,94,'7217',group E,none,male,78,standard,
bachelor's degree,83,82,79,'3167',group C,completed,male,84,standard,
associate's degree,80,75,93,'8744',group D,none,male,77,standard,
bachelor's degree,63,66,76,'1885',group D,none,male,67,free/reduced,
some high school,64,60,92,'1669',group D,completed,female,74,standard,
some college,54,52,98,'8405',group B,none,male,51,standard,
associate's degree,84,80,70,'6575',group C,none,male,80,standard,
high school,73,68,88,'0464',group D,completed,male,66,free/reduced,
bachelor's degree,80,83,70,'7941',group E,none,female,83,standard,
high school,56,52,85,'1138',group D,none,female,55,standard,
some college,59,51,90,'1970',group E,none,male,43,standard,
some high school,75,74,99,'3271',group D,none,male,69,standard,
associate's degree,85,76,73,'9374',group C,none,male,71,standard,
associate's degree,89,76,79,'0894',group E,none,male,74,standard,
high school,58,70,90,'1102',group B,completed,female,68,standard,
high school,65,64,91,'7812',group B,none,female,62,standard,
high school,68,60,72,'0670',group C,none,male,53,standard,
some high school,47,49,79,'1211',group A,completed,male,49,standard,
some college,71,83,81,'7082',group D,none,female,83,free/reduced,
some high school,60,70,95,'0637',group B,completed,female,70,standard,
master's degree,80,80,77,'5607',group D,none,male,72,standard,
high school,54,52,81,'5982',group D,none,male,52,standard,
some college,62,73,97,'6184',group E,none,female,70,standard,
associate's degree,64,73,90,'6478',group C,none,female,68,free/reduced,
associate's degree,78,77,79,'4020',group C,completed,male,77,standard,
some college,70,75,82,'6414',group B,none,female,78,standard,
master's degree,65,81,81,'8002',group C,completed,female,81,free/reduced,
some high school,64,79,92,'1260',group C,completed,female,77,free/reduced,
some college,79,79,76,'6200',group C,completed,male,78,standard,
some high school,44,50,77,'9902',group C,none,female,51,free/reduced,
high school,99,93,84,'2496',group E,none,female,90,standard,
high school,76,73,74,'8691',group D,none,male,68,standard,
some high school,59,42,97,'1947',group D,none,male,41,free/reduced,
bachelor's degree,63,75,74,'6311',group C,none,female,81,standard,
high school,69,72,73,'3510',group D,none,female,77,standard,
associate's degree,88,92,97,'8799',group D,completed,female,95,standard,
some college,71,76,80,'2592',group E,none,female,70,free/reduced,
bachelor's degree,69,63,80,'1799',group C,none,male,61,standard,
some college,58,49,95,'3609',group C,none,male,42,standard,
associate's degree,47,53,88,'7088',group D,none,female,58,free/reduced,
some college,65,70,96,'7407',group D,none,female,71,standard,
some college,88,85,96,'1009',group B,completed,male,76,standard,
bachelor's degree,83,78,88,'4993',group C,none,male,73,standard,
some high school,85,92,91,'3723',group C,completed,female,93,standard,
high school,59,63,77,'0060',group E,completed,female,75,standard,
some high school,65,86,74,'6853',group C,none,female,80,free/reduced,
bachelor's degree,73,56,99,'8792',group B,none,male,57,free/reduced,
high school,53,52,98,'5081',group D,none,male,42,standard,
high school,45,48,82,'9772',group D,none,male,46,standard,
bachelor's degree,73,79,91,'0735',group D,none,female,84,free/reduced,
some college,70,78,89,'0189',group D,completed,female,78,free/reduced,
some high school,37,46,96,'6577',group B,none,female,46,standard,
associate's degree,81,82,90,'4277',group B,completed,male,82,standard,
associate's degree,97,82,96,'1909',group E,completed,male,88,standard,
some high school,67,89,76,'0064',group B,none,female,82,standard,
bachelor's degree,88,75,72,'6436',group B,none,male,76,free/reduced,
some high school,77,76,86,'4921',group E,completed,male,77,standard,
associate's degree,76,70,95,'4488',group C,none,male,68,standard,
some high school,86,73,95,'6720',group D,none,male,70,standard,
some high school,63,60,81,'4626',group C,completed,male,57,standard,
bachelor's degree,65,73,99,'6119',group E,none,female,75,standard,
high school,78,77,88,'5912',group D,completed,male,80,free/reduced,
associate's degree,67,62,99,'9489',group B,none,male,60,free/reduced,
some high school,46,41,92,'7128',group A,completed,male,43,standard,
associate's degree,71,74,81,'2151',group E,completed,male,68,standard,
high school,40,46,93,'5064',group C,completed,male,50,free/reduced,
associate's degree,90,87,95,'6920',group D,none,male,75,free/reduced,
some college,81,78,84,'6314',group A,completed,male,81,free/reduced,
some high school,56,54,99,'3999',group D,none,male,52,free/reduced,
associate's degree,67,84,78,'4939',group C,completed,female,81,standard,
associate's degree,80,76,87,'5029',group B,none,male,64,standard,
associate's degree,74,75,94,'6013',group C,completed,female,83,standard,
some college,69,67,71,'8817',group A,none,male,69,standard,
some college,99,87,95,'9515',group E,completed,male,81,standard,
some high school,51,52,87,'7657',group C,none,male,44,standard,
associate's degree,53,71,73,'5575',group B,none,female,67,free/reduced,
high school,49,57,84,'5097',group D,none,female,52,free/reduced,
associate's degree,73,76,81,'4354',group B,none,female,80,standard,
bachelor's degree,66,60,95,'1542',group B,none,male,57,standard,
bachelor's degree,67,61,80,'5756',group D,completed,male,68,standard,
associate's degree,68,67,70,'5782',group C,completed,female,69,free/reduced,
bachelor's degree,59,64,97,'0939',group C,completed,female,75,standard,
high school,71,66,78,'8009',group C,none,male,65,standard,
master's degree,77,82,91,'0244',group D,completed,female,91,standard,
associate's degree,83,72,82,'0651',group C,none,male,78,standard,
bachelor's degree,63,71,71,'1625',group B,none,male,69,standard,
associate's degree,56,65,74,'7773',group D,none,female,63,free/reduced,
high school,67,79,99,'2180',group C,completed,female,84,free/reduced,
high school,75,86,91,'8339',group E,none,female,79,standard,
some college,71,81,77,'8049',group C,none,female,80,standard,
some high school,43,53,85,'9378',group C,none,female,53,free/reduced,
high school,41,46,95,'6622',group C,none,female,43,free/reduced,
some college,82,90,89,'7226',group C,none,female,94,standard,
some college,61,61,92,'8431',group C,none,male,62,standard,
some college,28,23,99,'9968',group A,none,male,19,free/reduced,
associate's degree,82,75,80,'0819',group C,completed,male,77,standard,
some high school,41,55,98,'4489',group B,none,female,51,standard,
high school,71,60,78,'4251',group C,none,male,61,standard,
associate's degree,47,37,74,'9660',group C,none,male,35,standard,
associate's degree,62,56,90,'5601',group E,completed,male,53,standard,
associate's degree,90,78,88,'0458',group B,none,male,81,standard,
bachelor's degree,83,93,70,'1088',group C,none,female,95,standard,
some college,61,68,78,'4016',group B,none,female,66,free/reduced,
some high school,76,70,79,'0630',group D,completed,male,69,standard,
associate's degree,49,51,71,'8312',group C,none,male,43,standard,
some high school,24,38,88,'4093',group B,none,female,27,free/reduced,
some high school,35,55,82,'3457',group D,completed,female,60,free/reduced,
high school,58,61,82,'2087',group C,none,male,52,free/reduced,
high school,61,73,79,'6011',group C,none,female,63,standard,
high school,69,76,99,'4974',group B,completed,female,74,standard,
associate's degree,67,72,87,'2957',group D,completed,male,67,standard,
some college,79,73,93,'9460',group D,none,male,67,standard,
high school,72,80,95,'9694',group C,none,female,75,standard,
some college,62,61,72,'7439',group B,none,male,57,standard,
bachelor's degree,77,94,86,'0173',group C,completed,female,95,standard,
high school,75,74,99,'7405',group D,none,male,66,free/reduced,
associate's degree,87,74,95,'7202',group E,none,male,76,standard,
bachelor's degree,52,65,75,'1603',group B,none,female,69,standard,
some college,66,57,87,'9651',group E,none,male,52,standard,
some college,63,78,94,'8086',group C,completed,female,80,standard,
associate's degree,46,58,97,'1351',group C,none,female,57,standard,
some college,59,71,97,'1794',group C,none,female,70,standard,
bachelor's degree,61,72,80,'7830',group B,none,female,70,standard,
associate's degree,63,61,97,'6787',group A,none,male,61,standard,
some college,42,66,73,'9640',group C,completed,female,69,free/reduced,
some college,59,62,83,'7883',group D,none,male,61,free/reduced,
some college,80,90,99,'7922',group D,none,female,89,standard,
high school,58,62,86,'9992',group B,none,female,59,standard,
some high school,85,84,86,'3053',group B,completed,male,78,standard,
some college,52,58,93,'1507',group C,none,female,58,standard,
some high school,27,34,76,'5491',group D,none,female,32,free/reduced,
some college,59,60,77,'1210',group C,none,male,58,standard,
bachelor's degree,49,58,81,'6410',group A,completed,male,60,free/reduced,
high school,69,58,70,'8235',group C,completed,male,53,standard,
bachelor's degree,61,66,99,'7251',group C,none,male,61,free/reduced,
some high school,44,64,92,'9458',group A,none,female,58,free/reduced,
some high school,73,84,82,'8806',group D,none,female,85,standard,
some college,84,77,92,'1092',group E,none,male,71,standard,
some college,45,73,95,'2027',group C,completed,female,70,free/reduced,
some high school,74,74,93,'9128',group D,none,male,72,standard,
some college,82,97,75,'0194',group D,completed,female,96,standard,
bachelor's degree,59,70,81,'0653',group D,none,female,73,standard,
associate's degree,46,43,89,'5177',group E,none,male,41,free/reduced,
some high school,80,90,90,'7284',group D,none,female,82,standard,
master's degree,85,95,87,'2813',group D,completed,female,100,free/reduced,
some high school,71,83,81,'6433',group A,none,female,77,standard,
bachelor's degree,66,64,73,'7456',group A,none,male,62,standard,
associate's degree,80,86,89,'6234',group B,none,female,83,standard,
associate's degree,87,100,72,'4917',group C,completed,male,95,standard,
master's degree,79,81,70,'5495',group C,none,male,71,free/reduced,
some high school,38,49,74,'0025',group E,none,female,45,free/reduced,
some high school,38,43,80,'1876',group A,none,female,43,free/reduced,
some college,67,76,89,'4657',group E,none,female,75,standard,
bachelor's degree,64,73,88,'4525',group E,none,female,70,standard,
associate's degree,57,78,88,'7164',group C,none,female,67,free/reduced,
high school,62,64,84,'5546',group D,none,female,64,standard,
master's degree,73,70,94,'2959',group D,none,male,75,standard,
some high school,73,67,81,'4784',group E,completed,male,59,free/reduced,
some college,77,68,86,'3152',group D,none,female,77,standard,
some college,76,67,98,'4320',group E,none,male,67,standard,
associate's degree,57,54,89,'1284',group C,completed,male,56,standard,
some high school,65,74,81,'1748',group C,completed,female,77,standard,
high school,48,45,88,'5198',group A,none,male,41,free/reduced,
high school,50,67,72,'3236',group B,none,female,63,free/reduced,
associate's degree,85,89,99,'5534',group C,none,female,95,standard,
some high school,74,63,87,'1452',group B,none,male,57,standard,
some high school,60,59,70,'0068',group D,none,male,54,standard,
some high school,59,54,96,'5111',group C,completed,female,67,standard,
some college,53,43,87,'3627',group A,none,male,43,standard,
some college,49,65,80,'4543',group A,none,female,55,free/reduced,
high school,88,99,72,'0105',group D,completed,female,100,standard,
high school,54,59,75,'4669',group C,none,female,62,standard,
some high school,63,73,78,'5594',group C,none,female,68,standard,
associate's degree,65,65,93,'4391',group B,completed,male,63,standard,
associate's degree,82,80,83,'1841',group B,none,female,77,standard,
high school,52,57,78,'3120',group D,completed,female,56,free/reduced,
associate's degree,87,84,90,'4778',group D,completed,male,85,standard,
master's degree,70,71,72,'2651',group D,completed,female,74,standard,
some college,84,83,90,'2314',group E,completed,male,78,standard,
associate's degree,71,66,93,'4426',group D,none,male,60,standard,
some high school,63,67,82,'6260',group B,completed,male,67,standard,
bachelor's degree,51,72,87,'2824',group C,completed,female,79,free/reduced,
high school,84,73,81,'5419',group E,none,male,69,standard,
bachelor's degree,71,74,79,'3518',group C,completed,male,68,standard,
associate's degree,74,73,90,'8766',group C,none,male,67,standard,
some college,68,59,94,'0470',group D,none,male,62,standard,
high school,57,56,97,'6167',group E,completed,male,54,free/reduced,
associate's degree,82,93,93,'8676',group C,completed,female,93,free/reduced,
high school,57,58,93,'7377',group D,completed,female,64,standard,
master's degree,47,58,94,'0988',group D,completed,female,67,free/reduced,
some high school,59,85,70,'3578',group A,completed,female,80,standard,
some college,41,39,73,'7779',group B,none,male,34,free/reduced,
some college,62,67,73,'7971',group C,none,female,62,free/reduced,
bachelor's degree,86,83,99,'5264',group C,none,male,86,standard,
some high school,69,71,81,'5794',group C,none,male,65,free/reduced,
some high school,65,59,91,'9967',group A,none,male,53,free/reduced,
some high school,68,63,79,'8747',group C,none,male,54,free/reduced,
associate's degree,64,66,79,'4970',group C,none,male,59,free/reduced,
high school,61,72,79,'7208',group C,none,female,70,standard,
high school,61,56,75,'8228',group C,none,male,55,standard,
some high school,47,59,79,'4583',group A,none,female,50,free/reduced,
some high school,73,66,70,'3541',group C,none,male,66,standard,
some college,50,48,90,'8710',group C,completed,male,53,free/reduced,
associate's degree,75,68,94,'1857',group D,none,male,64,standard,
associate's degree,75,66,78,'5958',group D,none,male,73,free/reduced,
high school,70,56,74,'9519',group C,none,male,51,standard,
some high school,89,88,71,'0017',group D,completed,male,82,standard,
some college,67,81,90,'2902',group C,completed,female,79,standard,
high school,78,81,95,'6465',group D,none,female,80,standard,
some high school,59,73,81,'4621',group A,none,female,69,free/reduced,
associate's degree,73,83,86,'0361',group B,none,female,76,standard,
some high school,79,82,75,'0794',group A,none,male,73,free/reduced,
some high school,67,74,79,'2284',group C,completed,female,77,standard,
some college,69,66,93,'2994',group D,none,male,60,free/reduced,
high school,86,81,91,'2729',group C,completed,male,80,standard,
high school,47,46,98,'1075',group B,none,male,42,standard,
associate's degree,81,73,98,'1524',group B,none,male,72,standard,
some college,64,85,91,'0542',group C,completed,female,85,free/reduced,
some college,100,92,84,'9055',group E,none,female,97,standard,
associate's degree,65,77,81,'5470',group C,none,female,74,free/reduced,
some college,65,58,99,'0019',group C,none,male,49,free/reduced,
associate's degree,53,61,99,'8485',group C,none,female,62,free/reduced,
bachelor's degree,37,56,88,'7811',group C,none,male,47,free/reduced,
bachelor's degree,79,89,93,'2073',group D,none,female,89,standard,
associate's degree,53,54,98,'0409',group D,none,male,48,free/reduced,
bachelor's degree,100,100,71,'4208',group E,none,female,100,standard,
high school,72,65,73,'3401',group B,completed,male,68,standard,
bachelor's degree,53,58,70,'1568',group C,none,male,55,free/reduced,
some college,54,54,91,'9024',group B,none,male,45,free/reduced,
some college,71,70,99,'3493',group E,none,female,76,standard,
some college,77,90,77,'9286',group C,none,female,91,free/reduced,
bachelor's degree,75,58,92,'1342',group A,completed,male,62,standard,
some college,84,87,92,'1404',group C,none,female,91,standard,
associate's degree,26,31,98,'9562',group D,none,female,38,free/reduced,
high school,72,67,82,'2407',group A,completed,male,65,free/reduced,
high school,77,88,78,'6707',group A,completed,female,85,free/reduced,
some college,91,74,80,'4706',group C,none,male,76,standard,
associate's degree,83,85,85,'7192',group C,completed,female,90,standard,
high school,63,69,86,'7005',group C,none,female,74,standard,
associate's degree,68,86,73,'6201',group C,completed,female,84,standard,
some high school,59,67,98,'7568',group D,none,female,61,standard,
associate's degree,90,90,88,'0232',group B,completed,female,91,standard,
bachelor's degree,71,76,88,'8730',group D,completed,female,83,standard,
bachelor's degree,76,62,79,'8969',group E,completed,male,66,standard,
associate's degree,80,68,97,'9731',group D,none,male,72,standard,
master's degree,55,64,70,'4159',group D,none,female,70,standard,
associate's degree,76,71,98,'4882',group E,none,male,67,standard,
high school,73,71,92,'5181',group B,completed,male,68,standard,
associate's degree,52,59,96,'5025',group D,none,female,56,free/reduced,
some college,68,68,85,'0560',group C,none,male,61,free/reduced,
high school,59,52,95,'6304',group A,none,male,46,standard,
associate's degree,49,52,71,'7933',group B,none,female,54,standard,
high school,70,74,84,'7597',group C,none,male,71,standard,
some college,61,47,91,'3077',group D,none,male,56,free/reduced,
associate's degree,60,75,93,'7050',group C,none,female,74,free/reduced,
some high school,64,53,90,'1381',group B,completed,male,57,standard,
associate's degree,79,82,76,'0224',group A,completed,male,82,free/reduced,
associate's degree,65,85,87,'2555',group A,none,female,76,free/reduced,
associate's degree,64,64,87,'4381',group C,none,female,70,standard,
some college,83,83,85,'0134',group C,none,female,90,standard,
bachelor's degree,81,88,93,'8708',group C,none,female,90,standard,
high school,54,64,74,'1201',group B,none,female,68,standard,
high school,68,64,83,'3072',group D,completed,male,66,standard,
some college,54,48,93,'4167',group C,none,female,52,standard,
some college,59,78,89,'8266',group D,completed,female,76,free/reduced,
some high school,66,69,73,'9508',group B,none,female,68,standard,
some college,76,71,78,'2860',group E,none,male,72,standard,
master's degree,74,79,81,'9980',group D,none,female,82,standard,
associate's degree,94,87,83,'4761',group B,completed,female,92,standard,
some college,63,61,90,'5530',group C,none,male,54,free/reduced,
associate's degree,95,89,96,'1912',group E,completed,female,92,standard,
master's degree,40,59,98,'2922',group D,none,female,54,free/reduced,
some high school,82,82,99,'1801',group B,none,female,80,standard,
high school,68,70,94,'9532',group A,none,male,66,standard,
bachelor's degree,55,59,85,'2771',group B,none,male,54,free/reduced,
master's degree,79,78,84,'2225',group C,none,male,77,standard,
bachelor's degree,86,92,94,'7453',group C,none,female,87,standard,
some college,76,71,70,'7266',group D,none,male,73,standard,
some high school,64,50,87,'5349',group A,none,male,43,standard,
some high school,62,49,86,'4485',group D,none,male,52,free/reduced,
some high school,54,61,76,'9536',group B,completed,female,62,standard,
master's degree,77,97,99,'9001',group B,completed,female,94,free/reduced,
some high school,76,87,71,'4600',group C,completed,female,85,standard,
some college,74,89,94,'4239',group D,none,female,84,standard,
some college,66,74,77,'2833',group E,completed,female,73,standard,
some high school,66,78,70,'2801',group D,completed,female,78,standard,
high school,67,78,86,'7415',group B,completed,female,79,free/reduced,
some college,71,49,84,'5989',group D,none,male,52,standard,
associate's degree,91,86,80,'1300',group C,none,female,84,standard,
bachelor's degree,69,58,93,'7761',group D,none,male,57,standard,
master's degree,54,59,74,'7708',group C,none,male,50,free/reduced,
high school,53,52,79,'5977',group C,completed,male,49,standard,
some college,68,60,92,'5301',group E,none,male,59,standard,
some high school,56,61,88,'9336',group C,completed,male,60,free/reduced,
high school,36,53,82,'6679',group C,none,female,43,free/reduced,
bachelor's degree,29,41,80,'7171',group D,none,female,47,free/reduced,
associate's degree,62,74,79,'8361',group C,none,female,70,standard,
associate's degree,68,67,99,'3475',group C,completed,female,73,standard,
some high school,47,54,77,'8825',group C,none,female,53,standard,
associate's degree,62,61,86,'4603',group E,completed,male,58,standard,
associate's degree,79,88,97,'8032',group E,completed,female,94,standard,
high school,73,69,90,'4512',group B,completed,male,68,standard,
bachelor's degree,66,83,86,'9215',group C,completed,female,83,free/reduced,
associate's degree,51,60,77,'3870',group C,completed,male,58,standard,
high school,51,66,87,'4931',group D,none,female,62,standard,
bachelor's degree,85,66,77,'0768',group E,completed,male,71,standard,
associate's degree,97,92,92,'8447',group A,completed,male,86,standard,
high school,75,69,74,'1460',group C,completed,male,68,standard,
associate's degree,79,82,77,'4960',group D,completed,male,80,free/reduced,
associate's degree,81,77,80,'0983',group C,none,female,79,standard,
associate's degree,82,95,72,'8040',group D,none,female,89,standard,
master's degree,64,63,95,'6412',group D,none,female,66,standard,
some high school,78,83,76,'0029',group E,completed,male,80,free/reduced,
some high school,92,100,92,'5294',group A,completed,female,97,standard,
high school,72,67,96,'6600',group C,completed,male,64,standard,
high school,62,67,99,'6965',group C,none,female,64,free/reduced,
master's degree,79,72,78,'6595',group C,none,male,69,standard,
some high school,79,76,76,'3511',group C,none,male,65,free/reduced,
bachelor's degree,87,90,73,'4700',group B,completed,male,88,free/reduced,
associate's degree,40,48,73,'6999',group B,none,female,50,standard,
some college,77,62,86,'3998',group D,none,male,64,free/reduced,
associate's degree,53,45,70,'4153',group E,none,male,40,standard,
some college,32,39,93,'7153',group C,none,female,33,free/reduced,
associate's degree,55,72,85,'0075',group C,completed,female,79,standard,
master's degree,61,67,78,'4397',group C,none,male,66,free/reduced,
associate's degree,53,70,80,'3581',group B,none,female,70,free/reduced,
some high school,73,66,93,'0900',group D,none,male,62,standard,
some college,74,75,94,'0552',group D,completed,female,79,standard,
some college,63,74,93,'1990',group C,none,female,74,standard,
bachelor's degree,96,90,77,'9355',group C,completed,male,92,standard,
some college,63,80,82,'4045',group D,completed,female,80,free/reduced,
bachelor's degree,48,51,88,'6371',group B,none,male,46,free/reduced,
associate's degree,48,43,73,'8839',group B,none,male,45,standard,
bachelor's degree,92,100,82,'4432',group E,completed,female,100,free/reduced,
master's degree,61,71,79,'0018',group D,completed,female,78,free/reduced,
high school,63,48,76,'4047',group B,none,male,47,free/reduced,
bachelor's degree,68,68,83,'3068',group D,none,male,67,free/reduced,
some college,71,75,89,'7797',group B,completed,male,70,standard,
bachelor's degree,91,96,74,'8128',group A,none,male,92,standard,
some college,53,62,95,'8895',group C,none,female,56,standard,
high school,50,66,93,'4279',group C,completed,female,64,free/reduced,
high school,74,81,76,'2207',group E,none,female,71,standard,
associate's degree,40,55,77,'3117',group A,completed,male,53,free/reduced,
some college,61,51,99,'5047',group A,completed,male,52,standard,
high school,81,91,81,'2428',group B,none,female,89,standard,
some college,48,56,87,'2725',group B,completed,female,58,free/reduced,
master's degree,53,61,83,'6197',group D,none,female,68,standard,
some high school,81,97,96,'3253',group D,none,female,96,standard,
some high school,77,79,74,'9248',group E,none,female,80,standard,
bachelor's degree,63,73,94,'4412',group D,none,female,78,free/reduced,
associate's degree,73,75,93,'5273',group D,completed,female,80,standard,
some college,69,77,72,'5680',group D,none,female,77,standard,
associate's degree,65,76,93,'2164',group C,none,female,76,standard,
high school,55,73,81,'1444',group A,none,female,73,standard,
bachelor's degree,44,63,96,'4384',group C,none,female,62,free/reduced,
some college,54,64,79,'8790',group C,none,female,65,standard,
some high school,48,66,94,'6003',group A,none,female,65,standard,
some college,58,57,70,'2397',group C,none,male,54,free/reduced,
some high school,71,62,90,'1566',group A,none,male,50,standard,
bachelor's degree,68,68,73,'0959',group E,none,male,64,standard,
high school,74,76,93,'9477',group E,none,female,73,standard,
bachelor's degree,92,100,73,'0767',group C,completed,female,99,standard,
bachelor's degree,56,79,80,'3866',group C,completed,female,72,standard,
high school,30,24,92,'7588',group B,none,male,15,free/reduced,
some high school,53,54,94,'1814',group A,none,male,48,standard,
high school,69,77,80,'7911',group D,none,female,73,standard,
some high school,65,82,87,'4061',group D,none,female,81,standard,
master's degree,54,60,71,'9673',group D,none,female,63,standard,
high school,29,29,71,'6399',group C,none,female,30,standard,
some college,76,78,79,'9889',group E,none,female,80,standard,
high school,60,57,93,'9366',group D,none,male,51,free/reduced,
master's degree,84,89,83,'6374',group D,completed,male,90,free/reduced,
some high school,75,72,89,'3968',group C,none,male,62,standard,
associate's degree,85,84,79,'6995',group C,none,female,82,standard,
master's degree,40,58,94,'8089',group C,none,female,54,free/reduced,
some college,61,64,99,'2097',group E,none,female,62,standard,
associate's degree,58,63,92,'4097',group B,none,female,65,standard,
some college,69,60,84,'7673',group D,completed,male,63,free/reduced,
some college,58,59,70,'0687',group C,none,female,66,standard,
bachelor's degree,94,90,86,'9173',group C,completed,male,91,standard,
associate's degree,65,77,93,'8100',group C,none,female,74,standard,
associate's degree,82,93,78,'4038',group A,none,female,93,standard,
high school,60,68,75,'9208',group C,none,female,72,standard,
bachelor's degree,37,45,88,'0087',group E,none,female,38,standard,
bachelor's degree,88,78,93,'9316',group D,none,male,83,standard,
master's degree,95,81,70,'7112',group D,none,male,84,standard,
associate's degree,65,73,76,'1432',group C,completed,male,68,free/reduced,
high school,35,61,89,'0561',group C,none,female,54,free/reduced,
bachelor's degree,62,63,76,'7259',group B,none,male,56,free/reduced,
high school,58,51,70,'9444',group C,completed,male,52,free/reduced,
some college,100,96,90,'5213',group A,completed,male,86,standard,
bachelor's degree,61,58,80,'1386',group E,none,female,62,free/reduced,
some college,100,97,78,'1124',group D,completed,male,99,standard,
associate's degree,69,70,92,'9909',group B,completed,male,63,free/reduced,
associate's degree,61,48,96,'0851',group D,none,male,46,standard,
some college,49,57,77,'6012',group D,none,male,46,free/reduced,
some high school,44,51,78,'0814',group C,completed,female,55,standard,
some college,67,64,96,'0917',group D,none,male,70,standard,
high school,79,60,76,'3226',group B,none,male,65,standard,
bachelor's degree,66,74,70,'7198',group B,completed,female,81,standard,
high school,75,88,86,'7723',group C,none,female,85,standard,
some high school,84,84,72,'6637',group D,none,male,80,standard,
high school,71,74,97,'4249',group A,none,male,64,standard,
high school,67,80,99,'0620',group B,completed,female,81,free/reduced,
some high school,80,92,89,'7869',group D,completed,female,88,standard,
some college,86,76,91,'5165',group E,none,male,74,standard,
associate's degree,76,74,99,'3729',group D,none,female,73,standard,
high school,41,52,96,'2867',group D,none,male,51,standard,
associate's degree,74,88,85,'8302',group D,completed,female,90,free/reduced,
some high school,72,81,84,'2752',group B,none,female,79,free/reduced,
high school,74,79,78,'5839',group E,completed,female,80,standard,
high school,70,65,75,'9418',group B,none,male,60,standard,
bachelor's degree,65,81,70,'3765',group B,completed,female,81,standard,
associate's degree,59,70,72,'5450',group D,none,female,65,standard,
high school,64,62,80,'8679',group E,none,female,68,free/reduced,
high school,50,53,75,'2458',group B,none,female,55,standard,
some college,69,79,99,'8988',group D,completed,female,81,standard,
some high school,51,56,98,'4707',group C,completed,male,53,free/reduced,
high school,68,80,96,'8689',group A,completed,female,76,standard,
some college,85,86,82,'8378',group D,completed,female,98,standard,
associate's degree,65,70,91,'1047',group A,completed,female,74,standard,
some high school,73,79,78,'3558',group B,none,female,79,standard,
some college,62,67,89,'0991',group B,none,female,67,standard,
associate's degree,77,67,73,'6804',group C,none,male,64,free/reduced,
some high school,69,66,94,'9229',group D,none,male,61,standard,
associate's degree,43,60,89,'8411',group D,none,female,58,free/reduced,
associate's degree,90,87,99,'2256',group D,none,male,85,standard,
some college,74,77,75,'9475',group C,none,male,73,free/reduced,
some high school,73,66,97,'7002',group C,none,male,63,standard,
some college,55,71,70,'3102',group D,none,female,69,free/reduced,
high school,65,69,76,'2224',group C,none,female,67,standard,
associate's degree,80,63,97,'5702',group D,none,male,63,standard,
some high school,50,60,70,'2964',group C,completed,female,60,free/reduced,
some college,63,73,98,'8004',group C,completed,female,71,free/reduced,
bachelor's degree,77,85,76,'6158',group B,none,female,87,free/reduced,
some college,73,74,89,'4204',group C,none,male,61,standard,
associate's degree,81,72,93,'5787',group D,completed,male,77,standard,
high school,66,76,82,'2661',group C,none,female,68,free/reduced,
associate's degree,52,57,74,'5523',group D,none,male,50,free/reduced,
some college,69,78,85,'6107',group C,none,female,76,standard,
associate's degree,65,84,99,'3663',group C,completed,female,84,standard,
high school,69,77,96,'4281',group D,completed,female,78,standard,
some college,50,64,82,'3749',group B,completed,female,66,standard,
some college,73,78,77,'1562',group E,completed,female,76,standard,
some high school,70,82,90,'7159',group C,completed,female,76,standard,
associate's degree,81,75,70,'8474',group D,none,male,78,free/reduced,
some college,63,61,88,'0958',group D,none,male,60,free/reduced,
high school,67,72,99,'3957',group D,none,female,74,standard,
high school,60,68,83,'8367',group B,none,male,60,standard,
high school,62,55,85,'9659',group B,none,male,54,standard,
some high school,29,40,93,'5293',group C,completed,female,44,free/reduced,
some college,62,66,94,'4713',group B,completed,male,68,standard,
master's degree,94,99,98,'6274',group E,completed,female,100,standard,
some college,85,75,94,'5256',group E,completed,male,68,standard,
associate's degree,77,78,80,'6843',group D,none,male,73,free/reduced,
high school,53,58,76,'5783',group A,none,male,44,free/reduced,
some college,93,90,88,'7107',group E,none,male,83,free/reduced,
associate's degree,49,53,94,'3122',group C,none,female,53,standard,
associate's degree,73,76,90,'4054',group E,none,female,78,free/reduced,
bachelor's degree,66,74,96,'4522',group C,completed,female,81,free/reduced,
associate's degree,77,77,81,'6152',group D,none,female,73,standard,
some high school,49,63,73,'2211',group C,none,female,56,standard,
some college,79,89,88,'1914',group D,none,female,86,free/reduced,
associate's degree,75,82,98,'6686',group C,completed,female,90,standard,
bachelor's degree,59,72,91,'5338',group A,none,female,70,standard,
associate's degree,57,78,96,'3618',group D,completed,female,79,standard,
high school,66,66,77,'8139',group C,none,male,59,free/reduced,
bachelor's degree,79,81,95,'8555',group E,completed,female,82,standard,
some high school,57,67,88,'0686',group B,none,female,72,standard,
bachelor's degree,87,84,76,'0815',group A,completed,male,87,standard,
some college,63,64,96,'0793',group D,none,female,67,standard,
some high school,59,63,82,'5987',group B,completed,female,64,free/reduced,
bachelor's degree,62,72,71,'4729',group A,none,male,65,free/reduced,
high school,46,34,83,'0095',group D,none,male,36,standard,
some college,66,59,75,'3101',group C,none,male,52,standard,
high school,89,87,82,'1279',group D,none,male,79,standard,
associate's degree,42,61,81,'5404',group D,completed,female,58,free/reduced,
some college,93,84,96,'8084',group C,completed,male,90,standard,
some high school,80,85,75,'1412',group E,completed,female,85,standard,
some college,98,100,79,'6662',group D,none,female,99,standard,
master's degree,81,81,91,'8583',group D,none,male,84,standard,
some high school,60,70,88,'8352',group B,completed,female,74,standard,
associate's degree,76,94,82,'3574',group B,completed,female,87,free/reduced,
associate's degree,73,78,74,'8934',group C,completed,male,72,standard,
associate's degree,96,96,91,'4625',group C,completed,female,99,standard,
high school,76,76,71,'7049',group C,none,female,74,standard,
associate's degree,91,73,95,'7938',group E,completed,male,80,free/reduced,
some college,62,72,78,'2283',group C,none,female,70,free/reduced,
some high school,55,59,97,'8636',group D,completed,male,59,free/reduced,
some high school,74,90,77,'6195',group B,completed,female,88,free/reduced,
high school,50,48,93,'7310',group C,none,male,42,standard,
some college,47,43,90,'7474',group B,none,male,41,standard,
some college,81,74,97,'6069',group E,completed,male,71,standard,
associate's degree,65,75,89,'0148',group E,completed,female,77,standard,
some high school,68,51,98,'9463',group E,completed,male,57,standard,
high school,73,92,77,'3879',group D,none,female,84,free/reduced,
some college,53,39,83,'3848',group C,none,male,37,standard,
associate's degree,68,77,75,'3921',group B,completed,female,80,free/reduced,
some high school,55,46,73,'8907',group A,none,male,43,free/reduced,
some college,87,89,86,'5352',group C,completed,female,94,standard,
some high school,55,47,82,'3981',group D,none,male,44,standard,
some college,53,58,91,'2346',group E,none,female,57,free/reduced,
master's degree,67,57,91,'1567',group C,none,male,59,standard,
associate's degree,92,79,92,'5282',group C,none,male,84,standard,
some college,53,66,74,'2947',group B,completed,female,73,free/reduced,
associate's degree,81,71,78,'8664',group D,none,male,73,standard,
high school,61,60,81,'2821',group C,none,male,55,free/reduced,
bachelor's degree,80,73,83,'0077',group D,none,male,72,standard,
associate's degree,37,57,76,'5673',group A,none,female,56,free/reduced,
high school,81,84,73,'6984',group C,none,female,82,standard,
associate's degree,59,73,98,'6417',group C,completed,female,72,standard,
some college,55,55,83,'1585',group B,none,male,47,free/reduced,
associate's degree,72,79,84,'7072',group D,none,male,74,standard,
high school,69,75,79,'2008',group D,none,male,71,standard,
some college,69,64,89,'8328',group C,none,male,68,standard,
bachelor's degree,50,60,95,'1592',group C,none,female,59,free/reduced,
some college,87,84,70,'5755',group B,completed,male,86,standard,
some high school,71,69,80,'1820',group D,completed,male,68,standard,
some college,68,72,73,'7789',group E,none,male,65,standard,
master's degree,79,77,70,'3431',group C,completed,male,75,free/reduced,
some high school,77,90,81,'6697',group C,completed,female,85,standard,
associate's degree,58,55,87,'0554',group C,none,male,53,free/reduced,
associate's degree,84,95,71,'1557',group E,none,female,92,standard,
some college,55,58,80,'2778',group D,none,male,52,standard,
bachelor's degree,70,68,82,'4943',group E,completed,male,72,free/reduced,
some college,52,59,82,'8340',group D,completed,female,65,free/reduced,
some college,69,77,98,'2971',group B,completed,male,77,standard,
high school,53,72,84,'1617',group C,none,female,64,free/reduced,
some high school,48,58,90,'7457',group D,none,female,54,standard,
some high school,78,81,81,'7356',group D,completed,male,86,standard,
high school,62,62,87,'9922',group B,none,female,63,standard,
some college,60,63,80,'6217',group D,none,male,59,standard,
high school,74,72,76,'6793',group B,none,female,72,standard,
high school,58,75,87,'6675',group C,completed,female,77,standard,
high school,76,62,79,'7327',group B,completed,male,60,standard,
some high school,68,71,70,'6899',group D,none,female,75,standard,
some college,58,60,79,'1632',group A,none,male,57,free/reduced,
high school,52,48,98,'2704',group B,none,male,49,standard,
bachelor's degree,75,73,73,'8069',group D,none,male,74,standard,
some high school,52,67,96,'8917',group B,completed,female,72,free/reduced,
bachelor's degree,62,78,84,'0619',group C,none,female,79,free/reduced,
some college,66,65,89,'8041',group B,none,male,60,standard,
some high school,49,58,88,'1711',group B,none,female,55,free/reduced,
high school,66,72,76,'6982',group B,none,female,70,standard,
some college,35,44,77,'4469',group C,none,female,43,free/reduced,
some college,72,79,85,'5049',group A,completed,female,82,standard,
associate's degree,94,85,83,'0629',group E,completed,male,82,standard,
associate's degree,46,56,71,'1165',group D,none,female,57,free/reduced,
master's degree,77,90,74,'7672',group B,none,female,84,standard,
high school,76,85,90,'4074',group B,completed,female,82,free/reduced,
associate's degree,52,59,75,'3832',group C,completed,female,62,standard,
bachelor's degree,91,81,78,'2665',group C,completed,male,79,standard,
some high school,32,51,91,'5882',group B,completed,female,44,standard,
some high school,72,79,90,'3517',group E,none,female,77,free/reduced,
some college,19,38,95,'6786',group B,none,female,32,standard,
associate's degree,68,65,86,'1594',group C,none,male,61,free/reduced,
master's degree,52,65,84,'4290',group C,none,female,61,free/reduced,
high school,48,62,81,'4227',group B,none,female,60,standard,
some college,60,66,89,'4584',group D,none,female,70,free/reduced,
high school,66,74,76,'0322',group D,none,male,69,free/reduced,
some high school,89,84,75,'9468',group E,completed,male,77,standard,
high school,42,52,76,'1702',group B,none,female,51,standard,
associate's degree,57,68,90,'5928',group E,completed,female,73,free/reduced,
high school,70,70,77,'7305',group D,none,male,70,standard,
associate's degree,70,84,84,'0364',group E,none,female,81,free/reduced,
some college,69,60,99,'4482',group E,none,male,54,standard,
associate's degree,52,55,93,'6251',group C,none,female,57,standard,
some high school,67,73,86,'2847',group C,completed,male,68,standard,
some high school,76,80,93,'3377',group C,completed,male,73,standard,
associate's degree,87,94,94,'8233',group E,none,female,95,standard,
some college,82,85,72,'9412',group B,none,female,87,standard,
some college,73,76,89,'9797',group C,none,female,78,standard,
some college,75,81,99,'9620',group A,none,male,74,free/reduced,
some college,64,74,83,'7817',group D,none,female,75,free/reduced,
high school,41,45,91,'8401',group E,none,female,40,free/reduced,
high school,90,75,76,'2894',group C,none,male,69,standard,
bachelor's degree,59,54,79,'5781',group B,none,male,51,standard,
some high school,51,31,86,'0955',group A,none,male,36,standard,
high school,45,47,71,'1836',group A,none,male,49,free/reduced,
master's degree,54,64,85,'4400',group C,completed,female,67,standard,
some high school,87,84,76,'4377',group E,completed,male,76,standard,
high school,72,80,91,'4568',group C,none,female,83,standard,
some high school,94,86,93,'0831',group B,completed,male,87,standard,
bachelor's degree,45,59,80,'0206',group A,none,female,64,standard,
bachelor's degree,61,70,95,'4607',group D,completed,male,76,free/reduced,
high school,60,72,77,'6855',group B,none,female,68,free/reduced,
some high school,77,91,71,'7741',group C,none,female,88,standard,
some high school,85,90,74,'2664',group A,completed,female,92,standard,
bachelor's degree,78,90,81,'1660',group D,none,female,93,free/reduced,
some college,49,52,89,'5784',group E,completed,male,51,free/reduced,
high school,71,87,80,'7249',group B,none,female,82,free/reduced,
some high school,48,58,88,'9006',group C,none,female,52,free/reduced,
high school,62,67,82,'5833',group C,none,male,58,standard,
associate's degree,56,68,90,'1025',group C,completed,female,70,free/reduced,
some high school,65,69,75,'5970',group C,none,female,76,standard,
some high school,69,86,76,'3193',group D,completed,female,81,free/reduced,
some high school,68,54,95,'1984',group B,none,male,53,standard,
some college,61,60,70,'0391',group A,none,female,57,free/reduced,
bachelor's degree,74,86,94,'8716',group C,completed,female,89,free/reduced,
bachelor's degree,64,60,77,'9605',group A,none,male,58,standard,
high school,77,82,83,'3529',group B,completed,female,89,standard,
some college,58,50,97,'0228',group B,none,male,45,standard,
high school,60,64,74,'8646',group C,completed,female,74,standard,
high school,73,64,80,'7972',group E,none,male,57,standard,
high school,75,82,89,'6310',group A,completed,female,79,standard,
associate's degree,58,57,77,'4693',group B,completed,male,53,free/reduced,
associate's degree,66,77,78,'9637',group C,none,female,73,standard,
high school,39,52,72,'9593',group D,none,female,46,free/reduced,
some high school,64,58,93,'0474',group C,none,male,51,standard,
high school,23,44,75,'9608',group B,completed,female,36,free/reduced,
some college,74,77,83,'1046',group B,completed,male,76,free/reduced,
some high school,40,65,70,'5073',group D,completed,female,64,free/reduced,
master's degree,90,85,87,'9209',group E,none,male,84,standard,
master's degree,91,85,76,'9035',group C,completed,male,85,standard,
high school,64,54,96,'8943',group D,none,male,50,standard,
high school,59,72,70,'0004',group C,none,female,68,standard,
associate's degree,80,75,70,'6369',group D,none,male,69,standard,
master's degree,71,67,80,'5792',group C,none,male,67,standard,
high school,61,68,94,'6581',group A,none,female,63,standard,
some college,87,85,75,'1547',group E,none,female,93,standard,
some high school,82,67,86,'4652',group E,none,male,61,standard,
some high school,62,64,75,'9161',group C,none,male,55,standard,
bachelor's degree,97,97,86,'4508',group B,none,female,96,standard,
some college,75,68,71,'2369',group B,none,male,65,free/reduced,
bachelor's degree,65,79,73,'4402',group C,none,female,81,standard,
high school,52,49,82,'3052',group B,completed,male,46,standard,
associate's degree,87,73,90,'9979',group C,none,male,72,free/reduced,
associate's degree,53,62,70,'5569',group C,none,female,53,standard,
master's degree,81,86,92,'2972',group E,none,female,87,free/reduced,
bachelor's degree,39,42,93,'4705',group D,completed,male,38,free/reduced,
some college,71,71,95,'0839',group C,completed,female,80,standard,
associate's degree,97,93,86,'5707',group C,none,male,91,standard,
some college,82,82,97,'7848',group D,completed,male,88,standard,
high school,59,53,71,'8452',group C,none,male,52,free/reduced,
associate's degree,61,42,95,'3780',group B,none,male,41,standard,
associate's degree,78,74,71,'8109',group E,completed,male,72,free/reduced,
associate's degree,49,51,93,'9342',group C,none,male,51,free/reduced,
high school,59,58,71,'0964',group B,none,male,47,standard,
some college,70,72,78,'6723',group C,completed,female,76,standard,
associate's degree,82,84,82,'5053',group B,completed,male,78,standard,
associate's degree,90,90,92,'9574',group E,none,male,82,free/reduced,
bachelor's degree,43,62,82,'7623',group C,none,female,61,free/reduced,
some college,80,64,76,'9049',group C,none,male,66,free/reduced,
some college,81,82,82,'1538',group D,none,male,84,standard,
some high school,57,61,86,'7069',group C,none,male,54,standard,
some high school,59,72,77,'0809',group D,none,female,80,standard,
associate's degree,64,76,85,'8892',group D,none,female,74,standard,
bachelor's degree,63,64,85,'8217',group C,completed,male,66,standard,
bachelor's degree,71,70,78,'6348',group E,completed,female,70,standard,
high school,64,73,88,'3806',group B,none,female,71,free/reduced,
bachelor's degree,55,46,72,'5775',group D,none,male,44,free/reduced,
associate's degree,51,51,89,'7006',group E,none,female,54,standard,
associate's degree,62,76,71,'0608',group C,completed,female,80,standard,
associate's degree,93,100,83,'0150',group E,completed,female,95,standard,
high school,54,72,74,'6868',group C,none,male,59,free/reduced,
some college,69,65,78,'7345',group D,none,female,74,free/reduced,
high school,44,51,96,'0014',group D,none,male,48,free/reduced,
some college,86,85,70,'4924',group E,completed,female,91,standard,
associate's degree,85,92,87,'1994',group E,none,female,85,standard,
master's degree,50,67,71,'0611',group A,none,female,73,free/reduced,
some high school,88,74,71,'8977',group D,completed,male,75,standard,
associate's degree,59,62,80,'8751',group E,none,female,69,standard,
some high school,32,34,86,'5587',group E,none,female,38,free/reduced,
high school,36,29,76,'9751',group B,none,male,27,free/reduced,
some high school,63,78,98,'5414',group B,completed,female,79,free/reduced,
associate's degree,67,54,82,'2238',group D,completed,male,63,standard,
some high school,65,78,86,'3433',group D,completed,female,82,standard,
master's degree,85,84,75,'5302',group D,none,male,89,standard,
master's degree,73,78,87,'6914',group C,none,female,74,standard,
high school,34,48,76,'1677',group A,completed,female,41,free/reduced,
bachelor's degree,93,100,90,'7832',group D,completed,female,100,free/reduced,
some high school,67,84,70,'3660',group D,none,female,84,free/reduced,
some college,88,77,89,'0940',group D,none,male,77,standard,
high school,57,48,75,'2793',group B,none,male,51,standard,
some college,79,84,79,'1486',group D,completed,female,91,standard,
bachelor's degree,67,75,78,'2827',group C,none,female,72,free/reduced,
bachelor's degree,70,64,94,'3552',group E,completed,male,70,standard,
bachelor's degree,50,42,79,'1448',group D,none,male,48,free/reduced,
some college,69,84,78,'6534',group A,none,female,82,standard,
bachelor's degree,52,61,72,'9039',group C,completed,female,66,standard,
bachelor's degree,47,62,85,'8776',group C,completed,female,66,free/reduced,
associate's degree,46,61,87,'7409',group B,none,female,55,free/reduced,
some college,68,70,97,'4479',group E,none,female,66,standard,
bachelor's degree,100,100,70,'6705',group E,completed,male,100,standard,
high school,44,61,75,'1983',group C,none,female,52,standard,
associate's degree,57,77,72,'7297',group C,completed,female,80,standard,
some college,91,96,81,'2517',group B,completed,male,91,standard,
high school,69,70,95,'2099',group D,none,male,67,free/reduced,
high school,35,53,99,'9647',group C,none,female,46,free/reduced,
high school,72,66,97,'7828',group D,none,male,66,standard,
associate's degree,54,65,79,'6937',group B,none,female,65,free/reduced,
high school,74,70,82,'6656',group D,none,male,69,free/reduced,
some high school,74,64,72,'9152',group E,completed,male,60,standard,
associate's degree,64,56,90,'3185',group E,none,male,52,free/reduced,
high school,65,61,74,'9766',group D,completed,female,71,free/reduced,
associate's degree,46,43,87,'9817',group E,completed,male,44,free/reduced,
some high school,48,56,85,'3147',group C,none,female,51,free/reduced,
some college,67,74,89,'0797',group C,completed,male,70,free/reduced,
some college,62,57,70,'9680',group D,none,male,62,free/reduced,
associate's degree,61,71,74,'3251',group D,completed,male,73,free/reduced,
bachelor's degree,70,75,72,'0887',group C,completed,male,74,free/reduced,
associate's degree,98,87,83,'8206',group C,completed,male,90,standard,
some college,70,63,97,'8841',group D,none,male,58,free/reduced,
associate's degree,67,57,74,'6459',group A,none,male,53,standard,
high school,57,58,91,'8170',group E,none,female,57,free/reduced,
some college,85,81,79,'7986',group D,completed,male,85,standard,
some high school,77,68,78,'1223',group D,completed,male,69,standard,
master's degree,72,66,86,'0888',group C,completed,male,72,free/reduced,
master's degree,78,91,73,'2530',group D,none,female,96,standard,
high school,81,66,77,'8151',group C,none,male,64,standard,
some high school,61,62,80,'6360',group A,completed,male,61,free/reduced,
high school,58,68,71,'2013',group B,none,female,61,standard,
associate's degree,54,61,86,'2875',group C,none,female,58,standard,
high school,82,82,99,'9433',group B,none,male,80,standard,
some college,49,58,79,'4065',group D,none,female,60,free/reduced,
some high school,49,50,70,'3893',group B,completed,male,52,free/reduced,
high school,57,75,78,'9448',group E,completed,female,73,free/reduced,
high school,94,73,75,'9347',group E,none,male,71,standard,
some college,75,77,84,'5437',group D,completed,female,83,standard,
some high school,74,74,94,'8805',group E,none,female,72,free/reduced,
high school,58,52,99,'0646',group C,completed,male,54,standard,
some college,62,69,71,'9961',group C,none,female,69,standard,
associate's degree,72,57,91,'2709',group E,none,male,62,standard,
some college,84,87,90,'5873',group C,none,male,81,standard,
master's degree,92,100,82,'4113',group D,none,female,100,standard,
high school,45,63,92,'1622',group D,none,female,59,standard,
high school,75,81,81,'0254',group C,none,male,71,standard,
some college,56,58,95,'1774',group A,none,female,64,standard,
some high school,48,54,93,'3577',group D,none,female,53,free/reduced,
associate's degree,100,100,95,'0022',group E,none,female,100,standard,
some high school,65,76,88,'4387',group C,completed,female,75,free/reduced,
some college,72,57,70,'0282',group D,none,male,58,standard,
some college,62,70,83,'6627',group D,none,female,72,standard,
some high school,66,68,90,'3681',group A,completed,male,64,standard,
some college,63,63,79,'1392',group C,none,male,60,standard,
associate's degree,68,76,95,'1985',group E,none,female,67,standard,
bachelor's degree,75,84,87,'4434',group B,none,female,80,standard,
bachelor's degree,89,100,98,'7771',group D,none,female,100,standard,
some high school,78,72,90,'3362',group C,completed,male,69,standard,
high school,53,50,78,'9467',group A,completed,female,60,free/reduced,
some college,49,65,72,'2817',group D,none,female,61,free/reduced,
some college,54,63,78,'1057',group A,none,female,67,standard,
some college,64,82,93,'5480',group C,completed,female,77,standard,
some college,60,62,92,'4441',group B,completed,male,60,free/reduced,
associate's degree,62,65,87,'9556',group C,none,male,58,standard,
high school,55,41,93,'9470',group D,completed,male,48,standard,
associate's degree,91,95,94,'7960',group C,none,female,94,standard,
high school,8,24,71,'1852',group B,none,female,23,free/reduced,
some high school,81,78,88,'0592',group D,none,male,78,standard,
some high school,79,85,74,'0880',group B,completed,male,86,standard,
some college,78,87,72,'6445',group A,completed,female,91,standard,
some high school,74,75,96,'3684',group C,none,female,82,standard,
high school,57,51,82,'8964',group A,none,male,54,standard,
associate's degree,40,59,75,'5418',group C,none,female,51,standard,
some high school,81,75,82,'4081',group E,completed,male,76,standard,
some high school,44,45,92,'1634',group A,none,female,45,free/reduced,
some college,67,86,91,'0281',group D,completed,female,83,free/reduced,
high school,86,81,74,'1826',group E,completed,male,75,free/reduced,
some high school,65,82,88,'5170',group B,completed,female,78,standard,
associate's degree,55,76,98,'4591',group D,none,female,76,free/reduced,
bachelor's degree,62,72,70,'7965',group D,none,female,74,free/reduced,
high school,63,63,83,'7331',group A,none,male,62,standard,
master's degree,88,99,70,'3827',group E,completed,female,95,standard,
high school,62,55,96,'2581',group C,none,male,55,free/reduced,
high school,59,71,70,'4291',group C,completed,female,65,free/reduced,
some college,68,78,74,'7428',group D,completed,female,77,standard,
some college,77,86,98,'7258',group D,none,female,86,free/reduced,
