,0
0,frozen vegetables
1,burgers
2,mineral water
3,burgers
4,burgers
5,mineral water
6,turkey
7,burgers
8,turkey
9,mineral water
10,burgers
11,burgers
12,mineral water
13,mineral water
14,mineral water
15,turkey
16,mineral water
17,burgers
18,mineral water
19,mineral water
20,mineral water
21,turkey
22,burgers
23,turkey
24,mineral water
25,mineral water
26,burgers
27,mineral water
28,burgers
29,burgers
30,mineral water
31,mineral water
32,burgers
33,burgers
34,burgers
35,burgers
36,burgers
37,burgers
38,burgers
39,burgers
40,burgers
41,turkey
42,frozen vegetables
43,burgers
44,burgers
45,burgers
46,mineral water
47,turkey
48,burgers
49,shrimp
50,mineral water
51,burgers
52,mineral water
53,burgers
54,mineral water
55,burgers
56,mineral water
57,burgers
58,burgers
59,burgers
60,turkey
61,mineral water
62,burgers
63,mineral water
64,burgers
65,burgers
66,mineral water
67,mineral water
68,burgers
69,burgers
70,burgers
71,mineral water
72,mineral water
73,burgers
74,mineral water
75,burgers
76,burgers
77,burgers
78,burgers
79,mineral water
80,burgers
81,turkey
82,burgers
83,burgers
84,mineral water
85,mineral water
86,mineral water
87,burgers
88,burgers
89,burgers
90,burgers
91,burgers
92,mineral water
93,mineral water
94,mineral water
95,turkey
96,mineral water
97,mineral water
98,mineral water
99,burgers
100,mineral water
101,burgers
102,mineral water
103,mineral water
104,mineral water
105,mineral water
106,burgers
107,mineral water
108,turkey
109,mineral water
110,cookies
111,frozen vegetables
112,mineral water
113,burgers
114,burgers
115,burgers
116,burgers
117,shrimp
118,burgers
119,mineral water
120,mineral water
121,mineral water
122,burgers
123,burgers
124,mineral water
125,burgers
126,mineral water
127,mineral water
128,burgers
129,burgers
130,burgers
131,burgers
132,turkey
133,burgers
134,burgers
135,mineral water
136,burgers
137,turkey
138,turkey
139,mineral water
140,mineral water
141,mineral water
142,mineral water
143,mineral water
144,ground beef
145,burgers
146,shrimp
147,mineral water
148,burgers
149,burgers
150,burgers
151,mineral water
152,mineral water
153,burgers
154,mineral water
155,mineral water
156,mineral water
157,mineral water
158,burgers
159,burgers
160,mineral water
161,burgers
162,mineral water
163,turkey
164,mineral water
165,burgers
166,mineral water
167,burgers
168,burgers
169,chocolate
170,burgers
171,mineral water
172,mineral water
173,burgers
174,burgers
175,mineral water
176,mineral water
177,burgers
178,burgers
179,turkey
180,mineral water
181,burgers
182,mineral water
183,burgers
184,mineral water
185,burgers
186,mineral water
187,mineral water
188,mineral water
189,burgers
190,frozen vegetables
191,burgers
192,burgers
193,mineral water
194,burgers
195,mineral water
196,mineral water
197,turkey
198,mineral water
199,mineral water
200,mineral water
201,mineral water
202,frozen vegetables
203,shrimp
204,turkey
205,mineral water
206,mineral water
207,burgers
208,mineral water
209,burgers
210,mineral water
211,burgers
212,mineral water
213,burgers
214,burgers
215,burgers
216,burgers
217,burgers
218,burgers
219,mineral water
220,mineral water
221,burgers
222,burgers
223,mineral water
224,turkey
225,turkey
226,burgers
227,burgers
228,mineral water
229,mineral water
230,mineral water
231,burgers
232,burgers
233,turkey
234,mineral water
235,mineral water
236,mineral water
237,turkey
238,burgers
239,mineral water
240,mineral water
241,burgers
242,mineral water
243,mineral water
244,burgers
245,burgers
246,mineral water
247,mineral water
248,burgers
249,burgers
250,burgers
251,burgers
252,burgers
253,mineral water
254,mineral water
255,burgers
256,mineral water
257,burgers
258,burgers
259,mineral water
260,mineral water
261,burgers
262,burgers
263,frozen vegetables
264,mineral water
265,burgers
266,burgers
267,burgers
268,mineral water
269,burgers
270,mineral water
271,burgers
272,mineral water
273,turkey
274,burgers
275,mineral water
276,burgers
277,burgers
278,mineral water
279,mineral water
280,mineral water
281,mineral water
282,mineral water
283,mineral water
284,mineral water
285,burgers
286,mineral water
287,mineral water
288,burgers
289,mineral water
290,mineral water
291,burgers
292,mineral water
293,burgers
294,mineral water
295,burgers
296,mineral water
297,burgers
298,mineral water
299,mineral water
300,burgers
301,turkey
302,burgers
303,mineral water
304,mineral water
305,burgers
306,mineral water
307,frozen vegetables
308,burgers
309,burgers
310,burgers
311,mineral water
312,mineral water
313,burgers
314,burgers
315,turkey
316,mineral water
317,burgers
318,burgers
319,mineral water
320,burgers
321,turkey
322,mineral water
323,mineral water
324,burgers
325,burgers
326,burgers
327,burgers
328,mineral water
329,mineral water
330,burgers
331,mineral water
332,burgers
333,mineral water
334,burgers
335,burgers
336,mineral water
337,burgers
338,burgers
339,burgers
340,mineral water
341,burgers
342,mineral water
343,mineral water
344,mineral water
345,turkey
346,burgers
347,mineral water
348,mineral water
349,burgers
350,burgers
351,mineral water
352,mineral water
353,burgers
354,mineral water
355,burgers
356,burgers
357,mineral water
358,mineral water
359,shrimp
360,burgers
361,mineral water
362,mineral water
363,mineral water
364,mineral water
365,mineral water
366,mineral water
367,burgers
368,burgers
369,burgers
370,turkey
371,mineral water
372,mineral water
373,mineral water
374,mineral water
375,burgers
376,mineral water
377,burgers
378,mineral water
379,turkey
380,mineral water
381,burgers
382,mineral water
383,burgers
384,mineral water
385,mineral water
386,mineral water
387,mineral water
388,mineral water
389,burgers
390,burgers
391,mineral water
392,chocolate
393,mineral water
394,mineral water
395,burgers
396,mineral water
397,chocolate
398,burgers
399,burgers
400,mineral water
401,mineral water
402,mineral water
403,mineral water
404,mineral water
405,burgers
406,burgers
407,burgers
408,mineral water
409,mineral water
410,mineral water
411,mineral water
412,burgers
413,burgers
414,mineral water
415,burgers
416,burgers
417,burgers
418,mineral water
419,mineral water
420,burgers
421,mineral water
422,mineral water
423,burgers
424,mineral water
425,mineral water
426,mineral water
427,mineral water
428,burgers
429,mineral water
430,mineral water
431,mineral water
432,burgers
433,mineral water
434,mineral water
435,mineral water
436,mineral water
437,mineral water
438,mineral water
439,burgers
440,burgers
441,mineral water
442,mineral water
443,mineral water
444,burgers
445,turkey
446,burgers
447,mineral water
448,mineral water
449,mineral water
450,burgers
451,mineral water
452,mineral water
453,mineral water
454,mineral water
455,burgers
456,mineral water
457,mineral water
458,burgers
459,chocolate
460,mineral water
461,burgers
462,burgers
463,burgers
464,mineral water
465,burgers
466,mineral water
467,mineral water
468,burgers
469,mineral water
470,mineral water
471,burgers
472,burgers
473,mineral water
474,turkey
475,mineral water
476,burgers
477,mineral water
478,burgers
479,burgers
480,burgers
481,turkey
482,mineral water
483,burgers
484,burgers
485,mineral water
486,burgers
487,burgers
488,burgers
489,mineral water
490,mineral water
491,turkey
492,mineral water
493,burgers
494,mineral water
495,mineral water
496,burgers
497,burgers
498,mineral water
499,mineral water
500,burgers
501,burgers
502,mineral water
503,mineral water
504,mineral water
505,frozen vegetables
506,mineral water
507,shrimp
508,mineral water
509,mineral water
510,mineral water
511,mineral water
512,mineral water
513,burgers
514,mineral water
515,mineral water
516,mineral water
517,burgers
518,burgers
519,mineral water
520,mineral water
521,mineral water
522,burgers
523,burgers
524,mineral water
525,mineral water
526,mineral water
527,mineral water
528,burgers
529,mineral water
530,mineral water
531,burgers
532,mineral water
533,mineral water
534,turkey
535,shrimp
536,mineral water
537,burgers
538,mineral water
539,burgers
540,burgers
541,chocolate
542,burgers
543,mineral water
544,burgers
545,burgers
546,burgers
547,mineral water
548,burgers
549,burgers
550,burgers
551,burgers
552,burgers
553,burgers
554,mineral water
555,mineral water
556,burgers
557,mineral water
558,mineral water
559,mineral water
560,mineral water
561,frozen vegetables
562,mineral water
563,frozen vegetables
564,burgers
565,burgers
566,frozen vegetables
567,burgers
568,mineral water
569,burgers
570,burgers
571,mineral water
572,burgers
573,mineral water
574,mineral water
575,mineral water
576,burgers
577,burgers
578,mineral water
579,burgers
580,mineral water
581,mineral water
582,mineral water
583,burgers
584,burgers
585,burgers
586,mineral water
587,mineral water
588,mineral water
589,mineral water
590,frozen vegetables
591,mineral water
592,mineral water
593,burgers
594,burgers
595,burgers
596,mineral water
597,mineral water
598,burgers
599,mineral water
600,burgers
601,mineral water
602,mineral water
603,mineral water
604,burgers
605,mineral water
606,mineral water
607,burgers
608,mineral water
609,burgers
610,burgers
611,burgers
612,burgers
613,burgers
614,mineral water
615,mineral water
616,mineral water
617,burgers
618,turkey
619,burgers
620,turkey
621,mineral water
622,shrimp
623,burgers
624,mineral water
625,mineral water
626,burgers
627,burgers
628,burgers
629,burgers
630,burgers
631,burgers
632,mineral water
633,mineral water
634,burgers
635,mineral water
636,burgers
637,burgers
638,burgers
639,mineral water
640,mineral water
641,mineral water
642,frozen vegetables
643,frozen vegetables
644,mineral water
645,mineral water
646,mineral water
647,mineral water
648,mineral water
649,mineral water
650,burgers
651,frozen vegetables
652,burgers
653,burgers
654,burgers
655,mineral water
656,chocolate
657,mineral water
658,burgers
659,mineral water
660,burgers
661,mineral water
662,mineral water
663,mineral water
664,mineral water
665,mineral water
666,mineral water
667,chocolate
668,burgers
669,mineral water
670,burgers
671,burgers
672,burgers
673,mineral water
674,burgers
675,burgers
676,mineral water
677,mineral water
678,burgers
679,burgers
680,burgers
681,mineral water
682,burgers
683,burgers
684,mineral water
685,burgers
686,mineral water
687,mineral water
688,burgers
689,grated cheese
690,burgers
691,burgers
692,burgers
693,mineral water
694,mineral water
695,burgers
696,mineral water
697,burgers
698,burgers
699,mineral water
700,burgers
701,burgers
702,mineral water
703,mineral water
704,burgers
705,mineral water
706,burgers
707,mineral water
708,burgers
709,mineral water
710,mineral water
711,mineral water
712,mineral water
713,mineral water
714,mineral water
715,turkey
716,mineral water
717,burgers
718,burgers
719,mineral water
720,burgers
721,mineral water
722,burgers
723,mineral water
724,mineral water
725,mineral water
726,mineral water
727,burgers
728,mineral water
729,turkey
730,burgers
731,burgers
732,mineral water
733,burgers
734,mineral water
735,mineral water
736,burgers
737,burgers
738,mineral water
739,mineral water
740,mineral water
741,turkey
742,mineral water
743,turkey
744,burgers
745,turkey
746,mineral water
747,burgers
748,mineral water
749,mineral water
750,mineral water
751,mineral water
752,burgers
753,burgers
754,frozen vegetables
755,mineral water
756,burgers
757,mineral water
758,mineral water
759,mineral water
760,mineral water
761,mineral water
762,mineral water
763,mineral water
764,burgers
765,mineral water
766,burgers
767,mineral water
768,mineral water
769,frozen vegetables
770,mineral water
771,burgers
772,shrimp
773,burgers
774,mineral water
775,mineral water
776,mineral water
777,burgers
778,burgers
779,mineral water
780,mineral water
781,mineral water
782,mineral water
783,burgers
784,mineral water
785,mineral water
786,burgers
787,mineral water
788,mineral water
789,burgers
790,burgers
791,burgers
792,mineral water
793,mineral water
794,mineral water
795,mineral water
796,burgers
797,turkey
798,burgers
799,burgers
800,mineral water
801,mineral water
802,burgers
803,frozen vegetables
804,mineral water
805,burgers
806,shrimp
807,burgers
808,burgers
809,burgers
810,burgers
811,mineral water
812,mineral water
813,mineral water
814,burgers
815,mineral water
816,mineral water
817,shrimp
818,turkey
819,mineral water
820,mineral water
821,burgers
822,mineral water
823,burgers
824,mineral water
825,mineral water
826,burgers
827,burgers
828,mineral water
829,burgers
830,mineral water
831,mineral water
832,burgers
833,mineral water
834,mineral water
835,burgers
836,mineral water
837,spaghetti
838,burgers
839,burgers
840,mineral water
841,burgers
842,mineral water
843,burgers
844,mineral water
845,burgers
846,burgers
847,mineral water
848,burgers
849,burgers
850,burgers
851,burgers
852,burgers
853,burgers
854,burgers
855,mineral water
856,mineral water
857,mineral water
858,burgers
859,mineral water
860,mineral water
861,mineral water
862,frozen vegetables
863,burgers
864,burgers
865,burgers
866,mineral water
867,mineral water
868,turkey
869,burgers
870,mineral water
871,mineral water
872,mineral water
873,mineral water
874,burgers
875,mineral water
876,shrimp
877,mineral water
878,mineral water
879,frozen vegetables
880,mineral water
881,mineral water
882,burgers
883,mineral water
884,burgers
885,burgers
886,burgers
887,mineral water
888,burgers
889,burgers
890,mineral water
891,mineral water
892,burgers
893,burgers
894,shrimp
895,burgers
896,burgers
897,frozen vegetables
898,burgers
899,burgers
900,mineral water
901,burgers
902,mineral water
903,burgers
904,mineral water
905,burgers
906,mineral water
907,burgers
908,mineral water
909,burgers
910,burgers
911,burgers
912,mineral water
913,mineral water
914,mineral water
915,burgers
916,burgers
917,burgers
918,mineral water
919,mineral water
920,burgers
921,turkey
922,burgers
923,burgers
924,mineral water
925,mineral water
926,burgers
927,shrimp
928,mineral water
929,mineral water
930,burgers
931,mineral water
932,burgers
933,burgers
934,mineral water
935,burgers
936,mineral water
937,burgers
938,mineral water
939,mineral water
940,mineral water
941,mineral water
942,burgers
943,burgers
944,turkey
945,mineral water
946,burgers
947,burgers
948,burgers
949,mineral water
950,mineral water
951,burgers
952,mineral water
953,burgers
954,burgers
955,burgers
956,burgers
957,burgers
958,mineral water
959,burgers
960,mineral water
961,burgers
962,burgers
963,burgers
964,mineral water
965,mineral water
966,burgers
967,burgers
968,turkey
969,turkey
970,burgers
971,mineral water
972,mineral water
973,frozen vegetables
974,mineral water
975,burgers
976,burgers
977,mineral water
978,burgers
979,frozen vegetables
980,mineral water
981,mineral water
982,mineral water
983,burgers
984,burgers
985,burgers
986,burgers
987,mineral water
988,burgers
989,mineral water
990,mineral water
991,mineral water
992,burgers
993,burgers
994,mineral water
995,mineral water
996,mineral water
997,mineral water
998,mineral water
999,mineral water
1000,mineral water
1001,mineral water
1002,mineral water
1003,turkey
1004,mineral water
1005,burgers
1006,burgers
1007,mineral water
1008,mineral water
1009,turkey
1010,mineral water
1011,burgers
1012,frozen vegetables
1013,turkey
1014,burgers
1015,mineral water
1016,mineral water
1017,mineral water
1018,mineral water
1019,burgers
1020,mineral water
1021,mineral water
1022,shrimp
1023,mineral water
1024,mineral water
1025,mineral water
1026,turkey
1027,frozen vegetables
1028,mineral water
1029,mineral water
1030,burgers
1031,mineral water
1032,mineral water
1033,mineral water
1034,burgers
